name,area_ratio,area,available_area
RSA,0.1906907066896485,1225173.144533408,233629.13274825446
