name,area_ratio,area,available_area
RSA,0.04292920867088143,1225173.144533408,52595.71357963465
